estado,id,name,category,lat,lng,dist_efectiva_m,similitud,via,osm_id,osm_name,osm_fclass,osm_lat,osm_lng,osm_mapa
"discrepancia","mercadillo-puerto-cruz","Mercadillo Agricultor (Puerto Cruz)","mercadillo","28.4101","-16.5534","3856","1","nombre","osm-a200995248","Mercadillo del Agricultor","marketplace","28.389656","-16.521217","https://www.openstreetmap.org/?mlat=28.389656&mlon=-16.521217#map=18/28.389656/-16.521217"
"discrepancia","cs-geneto","Centro de Salud Geneto","csalud","28.4606273","-16.3156489","3179","0.69","nombre","osm-a211458227","Centro de Salud La Laguna - Geneto","clinic","28.488522","-16.324801","https://www.openstreetmap.org/?mlat=28.488522&mlon=-16.324801#map=18/28.488522/-16.324801"
"discrepancia","minimarket-24h-arona","D28 SuperMarket 24h (Los Cristianos)","supermercado","28.0545","-16.706","3101","0.6","nombre","osm-n5793746221","24h Supermarket","supermarket","28.071085","-16.731408","https://www.openstreetmap.org/?mlat=28.071085&mlon=-16.731408#map=18/28.071085/-16.731408"
"discrepancia","playa-amarilla","Playa Amarilla","playa","28.009306","-16.638444","3078","1","nombre","osm-a137231981","Playa Amarilla","beach","28.022713","-16.610237","https://www.openstreetmap.org/?mlat=28.022713&mlon=-16.610237#map=18/28.022713/-16.610237"
"discrepancia","rest-tipico-mirador-abona","Café al Mar (Poris de Abona)","gastronomia","28.1646","-16.4318","2566","1","nombre","osm-n3445464210","Cafe al Mar","cafe","28.142704","-16.440064","https://www.openstreetmap.org/?mlat=28.142704&mlon=-16.440064#map=18/28.142704/-16.440064"
"discrepancia","ar-fuente-fria","Área Recreativa Fuente Fría","barbacoa","28.4435","-16.4054","2543","0.95","nombre","osm-n1283172794","Fuente Fría","picnic_site","28.420845","-16.408933","https://www.openstreetmap.org/?mlat=28.420845&mlon=-16.408933#map=18/28.420845/-16.408933"
"discrepancia","ar-las-hayas","Área Recreativa Las Hayas","barbacoa","28.35","-16.69","2129","1","nombre","osm-n2000367570","Área Recreativa Las Hayas","picnic_site","28.334521","-16.677204","https://www.openstreetmap.org/?mlat=28.334521&mlon=-16.677204#map=18/28.334521/-16.677204"
"discrepancia","charco-gomero","Charcos de El Gomero","piscinas","28.3734","-16.7809","2115","0.95","nombre","osm-a463817782","Playa del Gomero","beach","28.376733","-16.802649","https://www.openstreetmap.org/?mlat=28.376733&mlon=-16.802649#map=18/28.376733/-16.802649"
"discrepancia","turismo-garachico","Oficina de Turismo Garachico","oficina_turismo","28.3718","-16.7678","1149","0.92","nombre","osm-n5229150291","Mirador de Garachico","tourist_info","28.362208","-16.763426","https://www.openstreetmap.org/?mlat=28.362208&mlon=-16.763426#map=18/28.362208/-16.763426"
"discrepancia","piscinas-alcala-jaquita","Piscinas Naturales Alcalá — Charcos La Jaquita","piscinas","28.2046","-16.8341","781","0.92","nombre","osm-a160138475","Playa de Alcalá","beach","28.19974","-16.827822","https://www.openstreetmap.org/?mlat=28.19974&mlon=-16.827822#map=18/28.19974/-16.827822"
"discrepancia","puerto-guimar","Puertito de Güímar","puerto_ocio","28.2951","-16.3758","756","0.64","nombre","osm-a611189685","Club Náutico Puertito de Güímar","marina","28.287679","-16.380431","https://www.openstreetmap.org/?mlat=28.287679&mlon=-16.380431#map=18/28.287679/-16.380431"
"revisar","super-hiperdino-pcruz","HiperDino Puerto de la Cruz","supermercado","28.4162","-16.551","496","0.55","comparte","osm-n1081613983","HiperDino","supermarket","28.412804","-16.554284","https://www.openstreetmap.org/?mlat=28.412804&mlon=-16.554284#map=18/28.412804/-16.554284"
"revisar","montana-roja","Montaña Roja","naturaleza","28.031","-16.5478","460","1","nombre","osm-n32316581","Montaña Roja","viewpoint|peak","28.027022","-16.549074","https://www.openstreetmap.org/?mlat=28.027022&mlon=-16.549074#map=18/28.027022/-16.549074"
"revisar","puerto-los-cristianos","Puerto de Los Cristianos","puerto_comercial","28.0489","-16.7145","454","1","nombre","osm-n957130531","Puerto de Los Cristianos","marina","28.048475","-16.719098","https://www.openstreetmap.org/?mlat=28.048475&mlon=-16.719098#map=18/28.048475/-16.719098"
"revisar","montana-pelada","Montaña Pelada","montana","28.0609","-16.5216","426","1","nombre","osm-n936343115","Montaña Pelada","volcano","28.064439","-16.519945","https://www.openstreetmap.org/?mlat=28.064439&mlon=-16.519945#map=18/28.064439/-16.519945"
"revisar","iglesia-san-marcos-icod","Iglesia de San Marcos (Icod de los Vinos)","cultura","28.3699","-16.7181","424","0.55","comparte","osm-a195579981","Iglesia de San Marcos Evangelista","monument|christian_catholic","28.367177","-16.721541","https://www.openstreetmap.org/?mlat=28.367177&mlon=-16.721541#map=18/28.367177/-16.721541"
"revisar","super-mercadona-pcruz","Mercadona Puerto de la Cruz","supermercado","28.4132","-16.5468","419","0.55","comparte","osm-n617858849","Mercadona","supermarket","28.415173","-16.543149","https://www.openstreetmap.org/?mlat=28.415173&mlon=-16.543149#map=18/28.415173/-16.543149"
"revisar","mercadona-candelaria","Mercadona Candelaria","supermercado","28.3555","-16.374","402","0.49","comparte","osm-n903016742","Mercadona","supermarket","28.355697","-16.3699","https://www.openstreetmap.org/?mlat=28.355697&mlon=-16.3699#map=18/28.355697/-16.3699"
"revisar","camping-chio","Zona Acampada Chío (Guía de Isora)","camping","28.2666","-16.7466","361","1","nombre","osm-a189530693","Zona de Acampada de Chío","camp_site","28.264628","-16.751101","https://www.openstreetmap.org/?mlat=28.264628&mlon=-16.751101#map=18/28.264628/-16.751101"
"revisar","super-hiperdino-candelaria","HiperDino Candelaria","supermercado","28.3548","-16.3698","361","0.51","comparte","osm-n11140075046","La Candelaria","supermarket","28.357957","-16.368925","https://www.openstreetmap.org/?mlat=28.357957&mlon=-16.368925#map=18/28.357957/-16.368925"
"revisar","pk-quinteras-laguna","Parking Las Quinteras · MUVISA","parking","28.4901","-16.3134","343","1","nombre","osm-a46738495","Parking Las Quinteras","parking","28.486624","-16.312405","https://www.openstreetmap.org/?mlat=28.486624&mlon=-16.312405#map=18/28.486624/-16.312405"
"revisar","super-mercadona-laguna","Mercadona La Laguna","supermercado","28.4845","-16.3175","338","0.47","comparte","osm-n2607756275","Mercadona","supermarket","28.487393","-16.31855","https://www.openstreetmap.org/?mlat=28.487393&mlon=-16.31855#map=18/28.487393/-16.31855"
"revisar","puertito-san-marcos","Puertito de San Marcos (Icod)","puerto_ocio","28.3789","-16.7212","300","0.58","comparte","osm-a1094503627","Puerto de San Marcos","marina","28.37913","-16.724813","https://www.openstreetmap.org/?mlat=28.37913&mlon=-16.724813#map=18/28.37913/-16.724813"
"revisar","puerto-playa-san-juan","Puerto de Playa San Juan","puerto_ocio","28.18","-16.8177","299","1","nombre","osm-n315748494","Puerto de Playa San Juan","marina","28.179455","-16.814717","https://www.openstreetmap.org/?mlat=28.179455&mlon=-16.814717#map=18/28.179455/-16.814717"
"revisar","san-juan","Playa San Juan","playa","28.1816","-16.8171","292","1","nombre","osm-a1465563","Playa de San Juan","beach","28.180042","-16.813089","https://www.openstreetmap.org/?mlat=28.180042&mlon=-16.813089#map=18/28.180042/-16.813089"
"revisar","puerto-santa-cruz","Puerto de Santa Cruz de Tenerife","puerto_comercial","28.4702","-16.2466","279","0.48","comparte","osm-a2609777","Puerto Deportivo de Santa Cruz","marina","28.46641","-16.24363","https://www.openstreetmap.org/?mlat=28.46641&mlon=-16.24363#map=18/28.46641/-16.24363"
"revisar","super-hiperdino-tacoronte","HiperDino Tacoronte","supermercado","28.4758","-16.4152","277","0.45","comparte","osm-n1801502561","HiperDino","supermarket","28.478293","-16.415172","https://www.openstreetmap.org/?mlat=28.478293&mlon=-16.415172#map=18/28.478293/-16.415172"
"revisar","montana-taco","Montaña de Taco","montana","28.374","-16.8337","247","1","nombre","osm-n652422882","Montaña de Taco","volcano","28.373132","-16.836021","https://www.openstreetmap.org/?mlat=28.373132&mlon=-16.836021#map=18/28.373132/-16.836021"
"revisar","pk-drago-icod","Parking del Drago · Icod de los Vinos","parking","28.3662","-16.7214","227","1","nombre","osm-n954144472","Parking del Drago","parking","28.36792","-16.720154","https://www.openstreetmap.org/?mlat=28.36792&mlon=-16.720154#map=18/28.36792/-16.720154"
"revisar","playa-barqueros-buenavista","Playa de Los Barqueros (Buenavista)","playa","28.3752","-16.8575","226","1","nombre","osm-a243775579","Playa de los Barqueros","beach","28.375726","-16.859988","https://www.openstreetmap.org/?mlat=28.375726&mlon=-16.859988#map=18/28.375726/-16.859988"
"revisar","playa-chimisay","Playa de Chimisay","playa","28.3272","-16.3632","214","1","nombre","osm-a2621557","Playa de Chimisay","beach","28.332573","-16.362259","https://www.openstreetmap.org/?mlat=28.332573&mlon=-16.362259#map=18/28.332573/-16.362259"
"revisar","camping-la-caldera","Zona Acampada La Caldera (La Orotava)","camping","28.3575","-16.5016","193","1","nombre","osm-a625016769","Zona de Acampada de La Caldera","camp_site","28.355383","-16.50122","https://www.openstreetmap.org/?mlat=28.355383&mlon=-16.50122#map=18/28.355383/-16.50122"
"revisar","camping-el-lagar","Zona Acampada El Lagar (Icod de los Vinos)","camping","28.3433","-16.6543","188","1","nombre","osm-a189530689","Zona de Acampada El Lagar","camp_site","28.340874","-16.653417","https://www.openstreetmap.org/?mlat=28.340874&mlon=-16.653417#map=18/28.340874/-16.653417"
"revisar","pk-san-agustin-orotava","Parking San Agustín · La Orotava","parking","28.3912","-16.5235","181","0.98","nombre","osm-n1575721665","San Agustín","parking","28.391198","-16.521646","https://www.openstreetmap.org/?mlat=28.391198&mlon=-16.521646#map=18/28.391198/-16.521646"
"revisar","pk-campo-futbol-garachico","Parking Campo de Fútbol · Garachico","parking","28.3739","-16.7612","180","0.98","nombre","osm-a25494011","Campo de Fútbol","parking","28.374919","-16.763417","https://www.openstreetmap.org/?mlat=28.374919&mlon=-16.763417#map=18/28.374919/-16.763417"
"revisar","camel-park","Camel Park","animales","28.0747","-16.6878","168","1","nombre","osm-a163236674","Camel Park","zoo","28.072544","-16.687888","https://www.openstreetmap.org/?mlat=28.072544&mlon=-16.687888#map=18/28.072544/-16.687888"
"revisar","restaurante-drago","Casa del Drago (Icod)","gastronomia","28.3667","-16.7219","151","0.41","comparte","osm-n903038703","La Posada del Drago","pub","28.367739","-16.720904","https://www.openstreetmap.org/?mlat=28.367739&mlon=-16.720904#map=18/28.367739/-16.720904"
"revisar","camping-arenas-negras","Zona Acampada Arenas Negras (Garachico)","camping","28.3199","-16.7576","150","1","nombre","osm-a189530688","Zona de Acampada de Arenas Negras","camp_site","28.319489","-16.755585","https://www.openstreetmap.org/?mlat=28.319489&mlon=-16.755585#map=18/28.319489/-16.755585"
